2022-02-18T16-04-21,01752,PARTNERS OF MASSACHUSETTS LLC,02/17/2022 12:00:00 AM,,24,24,02/18/2022 12:00:00 AM
2022-02-22T09-09-37,01752,PARTNERS OF MASSACHUSETTS LLC,02/17/2022 12:00:00 AM,02/18/2022 12:00:00 AM,24,24,02/21/2022 12:00:00 AM
2022-02-24T09-51-18,01752,PARTNERS OF MASSACHUSETTS LLC,02/17/2022 12:00:00 AM,02/18/2022 12:00:00 AM,24,24,02/22/2022 12:00:00 AM
2022-03-03T09-56-49,01752,Pharmscript of MA,02/24/2022 12:00:00 AM,02/25/2022 12:00:00 AM,24,24,03/01/2022 12:00:00 AM
2022-03-03T09-56-49,01752,PARTNERS OF MASSACHUSETTS LLC,02/24/2022 12:00:00 AM,02/25/2022 12:00:00 AM,48,48,02/28/2022 12:00:00 AM
2022-03-03T10-04-44,01752,PARTNERS OF MASSACHUSETTS LLC,02/24/2022 12:00:00 AM,02/25/2022 12:00:00 AM,48,48,03/02/2022 12:00:00 AM
2022-03-03T10-04-44,01752,Pharmscript of MA,02/24/2022 12:00:00 AM,02/25/2022 12:00:00 AM,24,24,03/02/2022 12:00:00 AM
2022-03-08T14-40-56,01752,PARTNERS OF MASSACHUSETTS LLC,02/24/2022 12:00:00 AM,02/25/2022 12:00:00 AM,48,48,03/07/2022 12:00:00 AM
2022-03-08T14-40-56,01752,Pharmscript of MA,03/03/2022 12:00:00 AM,03/04/2022 12:00:00 AM,48,48,03/08/2022 12:00:00 AM
2022-03-16T18-51-35,01752,PARTNERS OF MASSACHUSETTS LLC,48,POINT (-71.584261 42.318466),1508897695,2.78574E+38,03/11/2022 12:00:00 AM
2022-03-16T18-51-35,01752,Pharmscript HoldcoandSubsidiaries,48,POINT (-71.581007 42.350401),,2.42448E+38,03/11/2022 12:00:00 AM
2022-03-16T18-51-35,01752,Pharmscript of MA,72,POINT (-71.581007 42.350401),1811359391,2.8574E+38,03/11/2022 12:00:00 AM
